{"cameraMode":{"drawMode":0,"name":"Shaded","section":"Shading Mode"},"sceneLighting":false,"audioPlay":false,"sceneViewState":{"m_AlwaysRefresh":false,"showFog":true,"showSkybox":false,"showFlares":true,"showImageEffects":true,"showParticleSystems":true,"showVisualEffectGraphs":true,"m_FxEnabled":true},"in2DMode":false,"pivot":{"x":30.317790985107423,"y":1.942446231842041,"z":27.168331146240236},"rotation":{"x":0.16428421437740327,"y":0.6545242667198181,"z":-0.14878790080547334,"w":0.7228332161903381},"size":0.29311662912368777,"orthographic":true}