{"cameraMode":{"drawMode":0,"name":"Shaded","section":"Shading Mode"},"sceneLighting":true,"audioPlay":false,"sceneViewState":{"m_AlwaysRefresh":false,"showFog":true,"showSkybox":true,"showFlares":true,"showImageEffects":true,"showParticleSystems":true,"showVisualEffectGraphs":true,"m_FxEnabled":true},"in2DMode":false,"pivot":{"x":42.50770568847656,"y":6.375765800476074,"z":41.797393798828128},"rotation":{"x":0.12202208489179611,"y":0.8165005445480347,"z":-0.18714241683483125,"w":0.5323812365531921},"size":1.3874354362487794,"orthographic":false}