{"cameraMode":{"drawMode":0,"name":"Shaded","section":"Shading Mode"},"sceneLighting":true,"audioPlay":false,"sceneViewState":{"m_AlwaysRefresh":false,"showFog":true,"showSkybox":true,"showFlares":true,"showImageEffects":true,"showParticleSystems":true,"showVisualEffectGraphs":true,"m_FxEnabled":true},"in2DMode":false,"pivot":{"x":30.968944549560548,"y":1.462181568145752,"z":27.40744972229004},"rotation":{"x":0.16428421437740327,"y":0.6545242667198181,"z":-0.14878790080547334,"w":0.7228332161903381},"size":1.4860186576843262,"orthographic":true}