{"cameraMode":{"drawMode":0,"name":"Shaded","section":"Shading Mode"},"sceneLighting":true,"audioPlay":false,"sceneViewState":{"m_AlwaysRefresh":false,"showFog":true,"showSkybox":true,"showFlares":true,"showImageEffects":true,"showParticleSystems":true,"showVisualEffectGraphs":true,"m_FxEnabled":true},"in2DMode":false,"pivot":{"x":9.581171035766602,"y":3.188459634780884,"z":23.146892547607423},"rotation":{"x":0.24368137121200562,"y":0.15199720859527589,"z":-0.03870655968785286,"w":0.9570965766906738},"size":1.0061006546020508,"orthographic":false}