{"cameraMode":{"drawMode":0,"name":"Shaded","section":"Shading Mode"},"sceneLighting":false,"audioPlay":false,"sceneViewState":{"m_AlwaysRefresh":false,"showFog":true,"showSkybox":false,"showFlares":true,"showImageEffects":true,"showParticleSystems":true,"showVisualEffectGraphs":true,"m_FxEnabled":true},"in2DMode":false,"pivot":{"x":28.523792266845704,"y":5.106662750244141,"z":29.685688018798829},"rotation":{"x":-0.15333974361419679,"y":-0.7683426737785339,"z":0.20028679072856904,"w":-0.5882391929626465},"size":1.5017486810684205,"orthographic":true}